;2022;2022;2022;2023;2023;2023;2023;2024;2024;2024;2024;2025;2025;2025;2025
;1;3;4;1;2;3;4;1;2;3;4;1;2;3;4
-5;0.0029872136906935257;-0.0033344082848867362;-0.015339306530163622;0.004032854820378635;-0.016761890637240068;-0.008337189202777245;0.004120275859524385;8.345280001820655e-06;0.007468939951871055;0.007442263527164865;0.008659634282474137;0.013672819606314272;0.013112231163381182;0.0004996253218187575;0.0055849537256493845
-4;0.014134100776928123;0.015437534816238099;0.0021359484608922934;0.016064076352787268;-0.008729245523829582;0.009914399730706958;-0.0005664490897857553;-0.014037353928311602;-0.0007868044676910857;0.006012425839015281;-0.0024770801561292046;0.005443399705511541;-0.004621706848326822;-0.006753108662999248;-0.002937450205548086
-3;0.0099375141615368;-0.004895722387408751;0.00224758720759829;0.0005168863751370111;0.013185914061311928;0.008079821923111213;-0.009268601861972703;-0.005200457824455557;-0.0014270155066651033;-0.0049523056374749285;0.007812113997051062;-0.010068341957115057;0.004580359850744862;0.008444094234468022;-0.001902585156762842
-2;0.022337268157282188;0.0076276942351494945;0.0024289757671555716;-0.002256032023817936;-0.0016802807237025381;-0.002192650177465812;-0.00848812765077682;0.017159515936073205;-0.004932356817638501;0.005154363680361415;-0.004691500363843452;0.01205360318805584;-0.01418397957715977;-0.0064131505816005276;-0.0007140133136076497
-1;-0.013368796655307066;-0.00480550915203109;0.009623774216114695;0.005665576269081336;-0.02633053378291938;-0.0013639693168426168;-0.0018869145236541617;-0.0022512324867943667;0.010756810458753452;0.008717819540578292;-0.0007496880898881278;0.005793770978672881;0.00021972977207213203;0.0014230060619591575;0.00523290972225509
0;0.001714442919042966;0.007769950492442196;-0.004727825604519933;-0.00177619518694369;-0.004319402084987048;-0.014801640637683305;-0.005397792675359831;-0.005961591434639678;0.0017938217561599811;0.0028015330915428464;0.0018110402354766658;-0.0005917952384997573;-5.67997747735003e-05;-0.008013822726017722;0.008385282277638618
1;-0.010079869896366337;0.012202229154562736;-0.012613330116713808;-0.004969053211571098;0.00018105303824557297;-0.002234939785419207;0.00830488818026781;0.000921712354532811;-0.026050402203900397;-0.01080931855459017;-0.002299109678196035;-0.005753602700310329;0.004701454135956622;-0.005322732343646383;-0.010223265432381622
2;0.0033506154074476654;-0.01925160044638868;-0.026425020698668877;0.016100450995865843;-0.0010052165653653237;0.0014101381170503503;-0.0023524628855042507;-0.015203047707342213;-0.013198478761050342;0.0027782503566085998;0.0035445758002215604;0.00773578134168456;-0.012762146705221127;0.0016558074575243158;0.014161438220058236
3;-0.001834657058057237;0.0006607981293171705;-0.001678588314056156;-0.0012883842071206818;0.01253762112028808;0.006707597156599217;0.0011358987698601138;-0.008863923682723582;-0.0015844302623780285;-0.008243481903572165;0.00831870399667793;0.006646323557241398;-2.2466776636117028e-05;-0.0006610663252023044;0.0057471087473049895
4;-0.01035484143542087;-0.009062423961477148;-0.005942263916229732;0.011610238758540066;-0.012457576940910035;0.021702000152999355;0.007569017372476944;0.004240333276636138;0.003858043251944148;-0.002980622678003213;0.0026417340717832414;0.008252580264520165;0.0010039679016378492;0.012425721482125982;0.004827400060801769
5;-0.0031505879493048342;0.003141893956840301;-0.0055959073591691725;-0.009942494260193837;0.008340950329678253;0.00595571749956651;-0.008254231663430013;0.0008506853987561222;0.013941319965008008;-0.0012299847622613321;-0.004846966683616345;-0.003872880201878997;0.007445039409122694;-0.00282514553135329;0.0056133133775226295
