ano;trimestre;dia0;alpha;beta;CAR(0,0);CAR(0,1);CAR(-1,1);CAR(-5,5)
2022;1;2022-07-21;0.0003238871469099825;0.8048411717248133;0.001714442919042966;-0.00836542697732337;-0.021734223632630438;0.015672402118474926
2022;3;2022-10-20;0.0012889117602647691;0.8401525236463689;0.007769950492442196;0.019972179647004932;0.015166670494973842;0.0054904365523575915
2022;4;2023-01-19;0.0004021588078517645;0.8780322790955374;-0.004727825604519933;-0.01734115572123374;-0.007717381505119045;-0.05588595688776045
2023;1;2023-04-20;7.629796565493719e-05;1.016729956710959;-0.00177619518694369;-0.006745248398514788;-0.001079672129433452;0.03375792468214291
2023;2;2023-07-25;0.0006816832161640309;1.04579902949451;-0.004319402084987048;-0.004138349046741475;-0.030468882829660853;-0.03703860770943014
2023;3;2023-10-31;-9.109428570009877e-05;0.9729620811135161;-0.014801640637683305;-0.017036580423102514;-0.018400549739945128;0.024839285459845418
2023;4;2024-01-25;0.0006029582928600745;0.9538788704368492;-0.005397792675359831;0.0029070955049079784;0.0010201809812538168;-0.01508450016835428
2024;1;2024-04-25;0.0010568808113479951;0.9780143321869539;-0.005961591434639678;-0.005039879080106867;-0.007291111566901234;-0.028337014818266906
2024;2;2024-07-30;0.0005879205980219249;0.9581204355712747;0.0017938217561599811;-0.024256580447740414;-0.013499769988986964;-0.010160552635586809
2024;3;2024-10-24;0.000744615007264852;0.8520280450622405;0.0028015330915428464;-0.008007785463047324;0.0007100340775309678;0.004690942499369487
2024;4;2025-01-23;0.00014375270463244926;1.0313584737052681;0.0018110402354766658;-0.00048806944271936924;-0.001237757532607497;0.017723457412011433
2025;1;2025-04-24;0.0007433026131386224;1.0743308331354453;-0.0005917952384997573;-0.006345397938810086;-0.0005516269601372054;0.03931165854419652
2025;2;2025-07-24;0.0015738940718651375;0.9407751044951226;-5.67997747735003e-05;0.004644654361183121;0.004864384133255253;-0.000584317449201995
2025;3;2025-10-23;0.0004007036681191359;1.1661047169227443;-0.008013822726017722;-0.013336555069664104;-0.011913549007704947;-0.00554077161292324
2025;4;2026-01-22;4.361548291949204e-05;1.1573708383363828;0.008385282277638618;-0.0018379831547430045;0.0033949265675120854;0.03377509202293051
