ano;trimestre;data_div
2017;1;2017-04-27
2017;2;2017-07-27
2017;3;2017-10-26
2017;4;2018-01-25
2018;1;2018-04-26
2018;2;2018-07-26
2018;3;2018-10-25
2018;4;2019-01-31
2019;1;2019-04-25
2019;2;2019-07-25
2019;3;2019-10-31
2019;4;2020-01-30
2020;1;2020-04-30
2020;2;2020-07-30
2020;3;2020-10-29
2020;4;2021-01-28
2021;1;2021-04-29
2021;2;2021-07-29
2021;3;2021-10-28
2021;4;2022-01-27
2022;1;2022-04-28
2022;3;2022-10-27
2022;4;2023-01-26
2023;1;2023-04-27
2023;2;2023-07-27
2023;3;2023-10-26
2023;4;2024-01-25
2024;1;2024-04-25
2024;2;2024-07-25
2024;3;2024-10-31
2024;4;2025-01-30
2025;1;2025-04-24
2025;2;2025-07-31
2025;3;2025-10-30
2025;4;2026-01-29
2026;1;2026-04-30
