Date;Robô Fundamento (ranking);Tático (só tendência);Rebal. puro (peso igual);Balanceada 60/40;Ibovespa (100% ações);CDI (régua)
2015-01-31;-0.023191972667495862;0.0013068632878925788;-0.012946099565739177;-0.01921243545374263;-0.061971324014637896;0.009293490253520886
2015-02-28;0.09229734995539238;0.07490293560603607;0.09318977699021073;0.04474156593990209;0.09966317046132867;0.0081852915698577
2015-03-31;0.08745685932700763;0.06147276361081812;0.05773362727174594;0.0028170235656159418;-0.008394238411879917;0.010361244114270196
2015-04-30;-0.07190945804262475;-0.04542819447104518;-0.027469897435074185;0.04539914302843243;0.09929618768328452;0.009482741535211003
2015-05-31;0.07043317561135912;0.03499932508265433;0.03537801130060851;-0.018815864257570078;-0.06169414359138525;0.0098383851613566
2015-06-30;-0.021918780897000632;-0.011178460021042898;-0.011730809150269405;0.008793632446479259;0.006084154662623131;0.010658271946613729
2015-07-31;0.06999046547042799;0.033242455446558516;0.03364355017269531;-0.00963730235648158;-0.04174751794427389;0.01177313530540025
2015-08-31;0.03807885831965813;0.03532506219094412;0.01681327227215494;-0.026716360508399265;-0.083338248304335;0.011074797767651967
2015-09-30;0.10626704837915112;0.07532105121413152;0.06636903719054979;-0.006844825644656149;-0.03360785827649804;0.011074797767651967
2015-10-31;-0.017226480136418445;-0.006231037089021532;-0.004861662302229589;0.013815342043586129;0.017976430901706753;0.01107727360465649
2015-11-30;-0.011958463565236327;-0.008979834206604944;-0.014357072354197266;-0.00020387522667064353;-0.016329111164402943;0.010551726062739464
2015-12-31;0.020591324024162607;0.01831867441851294;0.008151570830216438;-0.00873659293939956;-0.03922872340425532;0.01161300302184487
2016-01-31;0.016611115754102086;0.02161423318367016;0.005910189671974396;-0.020860004450633955;-0.06791234140715108;0.010549251512649294
2016-02-29;-0.001705591783633739;0.009144818194658464;0.018947160849669274;0.029610465747681086;0.05910013364351818;0.010014792075630607
2016-03-31;-0.07048695935459018;-0.03881772042021589;-0.007215062794979982;0.07480957558450149;0.16967331868953583;0.011605217717308935
2016-04-30;0.009625876606394648;0.016454761456366162;0.007390781456494044;0.03707030779970563;0.07703526121266613;0.010544655935701419
2016-05-31;0.004647538293827736;-0.009140514991135313;-0.011021871339282705;-0.03374129447667154;-0.1008885014190054;0.011074797767651967
2016-06-30;-0.02999790793710886;0.01635732817702254;-0.02463834378043416;0.0321179441237013;0.0630260769103812;0.011605217717308935
2016-07-31;0.020954510086458315;0.021177575415447694;0.0449887346813945;0.051498408897535645;0.11219360723504179;0.011074797767651967
2016-08-31;-0.010539311579440267;0.00022561048495151173;-0.009655295074128595;0.011374428918978302;0.01034759544915187;0.012135915930575614
2016-09-30;0.009064166755788116;0.010388244367258055;0.009002404864955897;0.009863318054623151;0.008048220237992343;0.011074797767651967
2016-10-31;0.05122638226824227;0.02066218701495812;0.004377656846832664;0.05122638226824227;0.11235801051964289;0.010474361045558434
2016-11-30;-0.012425087244041752;0.004664086550436923;0.030596629841194725;-0.012425087244041752;-0.04649980747015792;0.010368927878631196
2016-12-31;-0.004145796096877652;-0.017527735609592008;-0.03786160753431974;-0.004145796096877652;-0.027121765257002606;0.011217581886066474
2017-01-31;0.03600390979789364;0.010435421386993207;0.006948431240928852;0.03600390979789364;0.07378750394341416;0.010845645344202737
2017-02-28;0.017468348608844348;0.015710561581698434;0.0191022900826907;0.017468348608844348;0.030786596774442954;0.008638119199916305
2017-03-31;-0.0037767109930037196;0.007792863846139259;0.004623116829179043;-0.0037767109930037196;-0.025171762023341593;0.010504070439588453
2017-04-30;0.007273665895457116;0.010333358714593111;0.014337174423869324;0.007273665895457116;0.0064477409823957554;0.00785293106814855
2017-05-31;-0.010911409647180093;0.009961257521752342;0.011611823288108744;-0.010911409647180093;-0.04116019142852778;0.00925556088908075
2017-06-30;0.006029708295751948;0.007275199515513631;0.007039945993670631;0.006029708295751948;0.003013825325700381;0.008081074457169546
2017-07-31;0.015575171165141299;-0.011553530075133763;-0.0035465216287210244;0.02398563731856803;0.048012718600953797;0.00797161253489631
2017-08-31;0.03402791423293406;0.01708900693136554;0.021315142483318526;0.034613989947594986;0.074560072815534;0.008014550514662266
2017-09-30;0.029176416668950256;0.009697798059680405;0.014059010238530043;0.023328161688381886;0.048831792193124945;0.006377195761535948
2017-10-31;0.019259501829854014;0.019083937751280863;0.023859064194980843;0.003914353458809345;0.0001884405200958117;0.006431483845478869
2017-11-30;-0.0009799349942404103;-0.0025828841410452186;-0.005908534592146676;-0.009178393969251642;-0.031450180330516275;0.0056744384671512105
2017-12-31;0.03555459508310709;0.027591517514983694;0.03320905327017275;0.02783453848184562;0.06156646427033108;0.0053765626815935885
2018-01-31;0.04616856243388271;0.004830267590263179;0.01538612042275136;0.0480331198626187;0.11139760739247673;0.00583386199996716
2018-02-28;-0.0009411259314325438;0.00014921792362340648;0.004133421418430785;0.005416928859516257;0.006689199533640222;0.004649326857776526
2018-03-31;0.0018251579452503571;0.007171842899019184;0.00690417047227647;0.0026502781190709257;-0.0013453282015886137;0.005315638694022962
2018-04-30;0.027577985436517863;0.03025834905547565;0.030617697879688127;0.006611489523070292;0.008773984958882819;0.0051751405821482965
2018-05-31;0.007252473867800544;0.03901984557829547;0.027632409316577275;-0.04037802290758252;-0.10870347790744939;0.0051751405821482965
2018-06-30;0.004865933870919838;0.017491376393204357;0.00621462246302693;-0.017750793305541527;-0.05199729004351561;0.0051751405821482965
2018-07-31;-0.014176424899577916;-0.015347888771716327;0.001306403382643401;0.03872147115073863;0.08874015639816935;0.005422242786957465
2018-08-31;0.08131642032247487;0.07291515274821596;0.06535078423994896;-0.009471999917082164;-0.03208785660186819;0.005669405736901778
2018-09-30;-0.02576268557136981;-0.018250871817452417;-0.01224741854249645;0.016687451011340317;0.034742690211012395;0.00468111834822138
2018-10-31;-0.08298930883849212;-0.054687404585623135;-0.03540811555000955;0.04398919119118676;0.10186282170855288;0.0054304249443855035
2018-11-30;0.0455343541679939;0.027466275772496534;0.03667752337793746;0.012433821155620955;0.023792093704245953;0.004935533773950285
2018-12-31;-0.03276017372905348;-0.00799943374346582;-0.007615105062643783;-0.00427411200538799;-0.01806623167679655;0.004935533773950285
2019-01-31;0.010819950214283877;0.0096565437607413;0.014210644510619938;0.046516364773749326;0.10817299486841048;0.0054304249443855035
2019-02-28;0.005284126149102575;0.00026418713253123006;0.010152297906862192;-0.004519526431710332;-0.01858430704150149;0.004935533773950285
2019-03-31;0.045349659842208366;0.008440583814997838;0.02890897370130007;0.0020943361489820568;-0.0017680783394710131;0.004688179544146465
2019-04-30;0.026520640791846014;0.01597022293470798;0.016752921981872726;0.00703897261004722;0.009830739401561539;0.005182948902365592
2019-05-31;-0.01540578500205187;-0.0012985349773442715;-0.0012985349773442715;0.006066538522441614;0.007026247236723293;0.0054304249443855035
2019-06-30;0.026453688786102984;0.013079878484638086;0.013079878484638086;0.01904217830126139;0.040575079872204434;0.004688179544146465
2019-07-31;0.0063403267669526475;0.005907901325929683;0.0037514947660514755;0.006737501768206495;0.008369071082630963;0.005677961915006913
2019-08-31;0.06585780924477971;0.051523425866138374;0.07051002948075237;0.00034922952846250623;-0.006649510863159569;0.005017194899630484
2019-09-30;0.0038937888077182374;0.002781285053293278;0.003150108919474094;0.01705490720889993;0.03569486330152771;0.004637599908109413
2019-10-31;0.0020735426579343566;-0.008867297989902339;-0.008867297989902339;0.012312452299185815;0.023628812831161472;0.004792640983502183
2019-11-30;0.040478143918957335;0.03350755178275188;0.03426644737076583;0.006052528004778633;0.009447864204439549;0.0038038559813271533
2019-12-31;0.004133354282032324;0.0029824770549848464;0.003165564261968584;0.030817222975271803;0.07142923138044766;0.0037470387078872847
2020-01-31;0.03658472772043012;0.039499488855155716;0.039499488855155716;-0.005370625929449578;-0.018997275016384374;0.0037663336752904453
2020-02-29;-0.010061272901060757;-0.0019110909866809182;-0.0019110909866809182;-0.03196491335614014;-0.08429074990550367;0.00293728631555501
2020-03-31;0.07461390673480375;0.06990631267633395;0.009785839837029235;-0.11763059220348647;-0.2990438889528856;0.0033836914846629984
2020-04-30;0.07704597123667277;0.056909047613676496;0.07678903108204693;0.04255298297634467;0.10251985757326754;0.0028492490278402283
2020-05-31;0.03880943003175577;0.02461619929075502;0.04128496999974016;0.03563722908267509;0.08567063324472701;0.0023580961930711464
2020-06-30;0.018826155492138428;0.01109526673571067;0.028178708321768692;0.03625935027929901;0.08755992357241738;0.0021233217736713605
2020-07-31;0.011111581343698856;0.002027739751595147;0.018155302492632988;0.03418491300927992;0.08264601918868886;0.0019434641302638056
2020-08-31;0.06493725015745526;0.036047094553677654;0.03643062029697522;-0.01284910655538572;-0.03442747201492535;0.001598895978929482
2020-09-30;0.011364955351420175;0.0010086826735421545;0.0010086826735421545;-0.018260777557806217;-0.04796264428544117;0.0015696620595304633
2020-10-31;0.013305944870379945;0.009368882665914482;0.008058880395411654;-0.0018349754898070978;-0.006881388539475508;0.0015696620595304633
2020-11-30;-0.057338243824117;-0.03439147409976522;-0.0028968465136082373;0.06448277063821413;0.1589747956403269;0.0014948604084066286
2020-12-31;0.011452368477867576;0.015492412107796838;0.022672303577619544;0.03918618698397251;0.09567629123503041;0.0016444692975896569
2021-01-31;0.02655799634446218;0.0065143964060765435;0.016118307278327755;-0.010207148076707778;-0.027651584999916157;0.0014948604084066286
2021-02-28;0.006175612248254284;-0.008019292063880079;-0.007628567812374506;-0.019798830464053053;-0.05147965208996008;0.0013452738652959262
2021-03-31;0.06111789912499198;0.03915438390398791;0.04621636190083021;0.02516934240799698;0.05997182714590821;0.0020107988327939808
2021-04-30;-0.021859184087820966;-0.01561489439645948;-0.025331526116225144;0.008970312893695502;0.01937685409057388;0.0020778480243350828
2021-05-31;0.03237375673217684;0.011232095599054097;0.018153388642458385;0.02624743544125339;0.061584268339865744;0.0027032626398217907
2021-06-30;-0.03134303858586141;-0.0036294204927453766;-0.039573781503883396;0.0036762678055636587;0.0046428345059263965;0.003077789683316512
2021-07-31;-0.00020958844968944071;0.004162854548981725;0.01766766140014314;-0.01364282778859936;-0.03943944101828045;0.003556161780191802
2021-08-31;0.014153032983586175;0.007829629222207661;0.014448294329063232;-0.0073710252296689555;-0.024794541916733026;0.004279524773424859
2021-09-30;-0.019983877469127775;-0.011289800527059567;-0.002073586342418472;-0.023635625162906664;-0.06568390567515003;0.0044199933223521
2021-10-31;0.027469822644518402;0.03416138840520686;0.030923472871314472;-0.024071334284241026;-0.06738211733751431;0.004859961025168724
2021-11-30;-0.008787263247953793;-0.005172094668566119;-0.009058572109071487;-0.0026444450475068956;-0.015323523444217946;0.005867490939004627
2021-12-31;0.018736970198438986;0.014759746797964771;0.018928405468742998;0.01601380812106682;0.028523769808173505;0.007690830818633421
2022-01-31;-0.04423651959658215;-0.032834195745166335;-0.019863273084841867;0.03325558156783839;0.07217950430253195;0.007322703246089635
2022-02-28;-0.022753715062974526;-0.014318240725578576;-0.014501983864805106;0.007183677434491525;0.0067089013061891745;0.007550409870388908
2022-03-31;-0.010956739513812172;-0.003624570777915509;-0.01966199498518121;0.02980402499042233;0.06060525711053377;0.009270538628930902
2022-04-30;0.0075677017432145945;-0.013930604186632035;-0.01972832080401408;-0.03542834112938207;-0.10102584188201569;0.00834320523721388
2022-05-31;0.010345923015313563;0.00998140115100301;-0.020425526899287675;0.01903829426511265;0.03221291112017499;0.010345923015313563
2022-06-30;0.010153156089369508;-0.015284004032600438;0.01052460807458793;-0.03993146366324344;-0.11503264452048023;0.010153156089369508
2022-07-31;0.010348424349291951;0.00998908905919326;0.025485310511027415;0.024912069333239126;0.04691400621054975;0.010348424349291951
2022-08-31;0.011693612800063313;0.011693612800063313;-0.006086412264835032;0.031650815296333096;0.06162942858527609;0.011693612800063313
2022-09-30;0.010719822473548524;0.009114473612084818;0.009574179875345867;0.008285891314097451;0.004693078166229991;0.010719822473548524
2022-10-31;0.010206758664957682;0.008205731803653473;0.01369321684387837;0.027932031643469194;0.05452711360724116;0.010206758664957682
2022-11-30;-0.006916867954847028;0.0033054718656712065;0.018126516646813716;-0.006137563594579672;-0.030602307884554092;0.010206758664957682
2022-12-31;0.010452855765722436;-0.0008447427057100612;-0.003371861934523892;-0.0020097960803575404;-0.02182493821453335;0.011233146856986398
2023-01-31;0.011233146856986398;0.007236363889638746;0.013158705789690365;0.0194513108920013;0.03181830575019773;0.011233146856986398
2023-02-28;0.009181412243290277;-0.01231397461173508;-0.0189462164477999;-0.02480067221171966;-0.0757495684036219;0.009181412243290277
2023-03-31;0.01174673194761211;0.014139092083631377;0.006356078413203095;-0.004620341256678344;-0.029066443029771682;0.01174673194761211
2023-04-30;0.009181412243290277;0.0011008459509397218;-0.0017636990683734602;0.015500748940645926;0.02502895506566416;0.009181412243290277
2023-05-31;0.011233146856986398;0.00965668569343547;0.014987454722957838;0.02168183833483719;0.037373601961084635;0.011233146856986398
2023-06-30;0.010719822473548524;0.0007317320313574726;0.007323919277304047;0.042426443097570626;0.09001707666035896;0.010719822473548524
2023-07-31;0.018693449794307208;0.011181703759732193;0.003536787475026281;0.019456936682190454;0.03265389077544523;0.010719822473548524
2023-08-31;-0.01352600411724482;0.006568494486610978;0.006374223582100643;-0.01352600411724482;-0.05085162739968674;0.011374956476198017
2023-09-30;0.008959295531876892;0.0036005311316965574;0.0016795627975235308;0.008651389593184584;0.007110642636208198;0.009729017544111374
2023-10-31;0.009975672238483169;-0.0015156780484951097;0.008354122786915115;-0.005755215541568703;-0.029348432205207442;0.009975672238483169
2023-11-30;0.0037986276106073643;0.020920553030979585;0.03292817970574565;0.055632496129655706;0.12538888496075806;0.009159878255821985
2023-12-31;0.008150696412777853;0.016387388277900785;0.01725836460680082;0.026845584576370866;0.05382821151172923;0.008945247967375058
2024-01-31;-0.006339669919702008;0.010325151046783181;0.0067517414075197015;-0.013397348502550668;-0.047941275105265135;0.00966690174365814
2024-02-29;0.02684110636072267;0.015493389055643193;0.01607553514933858;0.008743368040088278;0.009925480618698801;0.008002004357681836
2024-03-31;0.01652955699282012;0.03086355130840907;0.029323539026874616;0.0021554581570911633;-0.007084172996434712;0.008316737660555074
2024-04-30;-0.010931475210496932;0.011718279643109614;0.00912632947745089;-0.0014958857573308375;-0.01703276973756107;0.008874331113757794
2024-05-31;0.024242948638779457;0.022294149356795353;0.01842126060273559;-0.00717116413973405;-0.03038340586385435;0.008324420253383646
2024-06-30;0.05953521929343139;0.04538481884551115;0.04695790948180238;0.010637695084970405;0.014815967501515148;0.007883369678362895
2024-07-31;0.03655029913033747;0.026807200409935984;0.031039439321006997;0.017529153940084998;0.03022428111406139;0.009071223424248709
2024-08-31;0.02175889110943517;0.02114684075042006;0.027011626900239085;0.03136624432545908;0.06542788205433525;0.008675116705918473
2024-09-30;-0.005986144670348726;-0.006183538856879016;-0.010099889101105047;-0.007332752929217757;-0.030793211964354028;0.00835157409379228
2024-10-31;0.05348431318714247;0.04381228195470696;0.04128861169964549;-0.0008328052053776278;-0.0159540571706015;0.009279575755079428
2024-11-30;0.04347516504706498;0.03148254047821352;0.027568143305095164;-0.007727871577323185;-0.031184229799634533;0.007929903920274706
2024-12-31;0.012036837787438349;0.01281951285142582;0.002571121971724729;-0.011570736034078757;-0.042851004233376844;0.0093143107189948
2025-01-31;-0.008923303864557723;-0.006865931272920819;0.0008269089516289768;0.025514647837061845;0.0486519292003027;0.010132013564148279
2025-02-28;-0.004933601410136338;-0.000584074643155055;-0.007850267961165634;-0.0046852369181535364;-0.026447853490307982;0.009853222624513602
2025-03-31;0.01158474366960125;0.004304923464166309;0.014525986675088441;0.03006980065609119;0.06075782376077976;0.009640295622482142
2025-04-30;0.00020475912253577574;0.016878131558582053;0.005121359457705243;0.021072704737728497;0.03690311684323655;0.010558796236773471
2025-05-31;0.02568823428168041;0.010035658388290842;0.021676916995989785;0.012624797757001122;0.014511316605832603;0.011387758548166316
2025-06-30;-0.0043222548225632;0.003392840234741463;-0.004772240458111248;0.011917001657472519;0.013340436556299018;0.010970512720405834
2025-07-31;0.022505973466944718;0.013775371168730744;0.009315824247708306;-0.009008714637079716;-0.041654963811169954;0.01275732508747951
2025-08-31;0.01028235101259617;0.015012200691178494;0.011961494313122368;0.03206097048665836;0.062755972375649;0.011641561387977895
2025-09-30;0.04153260163815566;0.03070098795589644;0.02706066651048466;0.020914616176805137;0.03404703652897001;0.012199289497186738
2025-10-31;0.03315550832236036;0.02532947567552864;0.02602357405535462;0.016678772443522526;0.022586623084445145;0.01275732508747951
2025-11-30;0.043289920322740046;0.02193486010023392;0.02416304313300255;0.03180843257374609;0.06374214257054978;0.010527026935209127
2025-12-31;0.026939357082659026;0.021719483958805456;0.023855266195135894;0.01245726016227627;0.012906105411386148;0.012199289497186738
2026-01-31;0.054220640302474477;0.017168021909802243;0.015756304834008267;0.057228822069568815;0.12561055081458505;0.011641561387977895
2026-02-28;0.05456647933823392;0.02518743553569849;0.024239458787093725;0.02230188429128134;0.04092873999250135;0.009970220253081363
2026-03-31;-0.034264219400739204;-0.010513171328311848;-0.017180905595339104;0.004450389683713971;-0.007018491739367638;0.012120535925043807
2026-04-30;-0.013292658311258214;-0.0031934376815361855;-0.007449983495534357;0.006223942257846337;-0.0007681556795510192;0.010900584045334005
2026-05-31;-0.017784310019854272;0.008683736450465104;-1.0598282533339636e-05;-0.02245699866867735;-0.0722301113614282;0.010734353626207227
2026-06-30;-0.028338650669895313;-0.011275957326645734;-0.010508475994342343;0.0026161666046062805;-0.010150298064308227;0.011195038983485839
2026-07-31;0.0060117498128331;0.007476182905824249;-0.0015109584053452;0.021174513349873317;0.03473352555457376;0.012152202899923692
