Date,Robô sem IA (base),Robô + Selic (controle)
2015-01-31,-0.023191972667495862,-0.01507060693724168
2015-02-28,0.09229734995539238,0.07126452233426679
2015-03-31,0.08745685932700763,0.06818295552382328
2015-04-30,-0.07190945804262475,-0.051584879894378044
2015-05-31,0.07043317561135912,0.05525580289835342
2015-06-30,-0.021918780897000632,-0.013793694120278015
2015-07-31,0.06999046547042799,0.055428775708029336
2015-08-31,0.03807885831965813,0.03131302168303553
2015-09-30,0.10626704837915112,0.08246389144512593
2015-10-31,-0.017226480136418445,-0.010170381066940874
2015-11-30,-0.011958463565236327,-0.006336358167213104
2015-12-31,0.020591324024162607,0.01834515275069433
2016-01-31,0.016611115754102086,0.015093980677819897
2016-02-29,-0.001705591783633739,0.0012231650821349603
2016-03-31,-0.07048695935459018,-0.04996484660605732
2016-04-30,0.009625876606394648,0.009871726360754842
2016-05-31,0.004647538293827736,0.006254353162283792
2016-06-30,-0.02999790793710886,-0.019596085240176555
2016-07-31,0.020954510086458315,0.018495401865099886
2016-08-31,-0.010539311579440267,-0.004872067354330442
2016-09-30,0.009064166755788116,0.00956682450875408
2016-10-31,0.05122638226824227,0.04103819751883756
2016-11-30,-0.012425087244041752,-0.018424335558515578
2016-12-31,-0.004145796096877652,-0.007981049183072061
2017-01-31,0.03600390979789364,0.04229725130930931
2017-02-28,0.017468348608844348,0.0196821647329753
2017-03-31,-0.0037767109930037196,-0.00734470595131322
2017-04-30,0.007273665895457116,0.007132366322008023
2017-05-31,-0.010911409647180093,-0.015953012876642508
2017-06-30,0.006029708295751948,0.0055218333724898335
2017-07-31,0.015575171165141299,0.017476563229191108
2017-08-31,0.03402791423293406,0.04053479320669969
2017-09-30,0.029176416668950256,0.03487622189580383
2017-10-31,0.019259501829854014,0.02247225941729258
2017-11-30,-0.0009799349942404103,-0.002640447057634826
2017-12-31,0.03555459508310709,0.043100281815877745
2018-01-31,0.04616856243388271,0.05065276706199612
2018-02-28,-0.0009411259314325438,-0.00155822243159643
2018-03-31,0.0018251579452503571,0.0014377316103922123
2018-04-30,0.027577985436517863,0.03006778742793156
2018-05-31,0.007252473867800544,0.007267120200967449
2018-06-30,0.004865933870919838,0.004865933870919838
2018-07-31,-0.014176424899577916,-0.014176424899577916
2018-08-31,0.08131642032247487,0.08131642032247487
2018-09-30,-0.02576268557136981,-0.02576268557136981
2018-10-31,-0.08298930883849212,-0.08298930883849212
2018-11-30,0.0455343541679939,0.0455343541679939
2018-12-31,-0.03276017372905348,-0.03276017372905348
2019-01-31,0.010819950214283877,0.010819950214283877
2019-02-28,0.005284126149102575,0.005284126149102575
2019-03-31,0.045349659842208366,0.045349659842208366
2019-04-30,0.026520640791846014,0.026520640791846014
2019-05-31,-0.01540578500205187,-0.01540578500205187
2019-06-30,0.026453688786102984,0.026453688786102984
2019-07-31,0.0063403267669526475,0.006513009598208804
2019-08-31,0.06585780924477971,0.07261803355626327
2019-09-30,0.0038937888077182374,0.003841579903911206
2019-10-31,0.0020735426579343566,0.0017993377702167556
2019-11-30,0.040478143918957335,0.04058760830469789
2019-12-31,0.004133354282032324,0.004133354282032324
2020-01-31,0.03658472772043012,0.040340435994763134
2020-02-29,-0.010061272901060757,-0.010015796889918995
2020-03-31,0.07461390673480375,0.07461390673480375
2020-04-30,0.07704597123667277,0.08544782403873444
2020-05-31,0.03880943003175577,0.042871309181381635
2020-06-30,0.018826155492138428,0.020688170580310677
2020-07-31,0.011111581343698856,0.012132398277366684
2020-08-31,0.06493725015745526,0.07197577023241489
2020-09-30,0.011364955351420175,0.01245793000168027
2020-10-31,0.013305944870379945,0.014610471329122778
2020-11-30,-0.057338243824117,-0.0638735242955086
2020-12-31,0.011452368477867576,0.01255093632245194
2021-01-31,0.02655799634446218,0.026575288440555588
2021-02-28,0.006175612248254284,0.006830879080366393
2021-03-31,0.06111789912499198,0.06115104602965098
2021-04-30,-0.021859184087820966,-0.016324991034461583
2021-05-31,0.03237375673217684,0.024960549888907686
2021-06-30,-0.03134303858586141,-0.02274460113428063
2021-07-31,-0.00020958844968944071,0.0007397221850936731
2021-08-31,0.014153032983586175,0.011684258175309483
2021-09-30,-0.019983877469127775,-0.013884452884181579
2021-10-31,0.027469822644518402,0.021814706280492358
2021-11-30,-0.008787263247953793,-0.0051271828634850344
2021-12-31,0.018736970198438986,0.015973249559263148
2022-01-31,-0.04423651959658215,-0.03134941892846386
2022-02-28,-0.022753715062974526,-0.015171705407231485
2022-03-31,-0.010956739513812172,-0.005904235559538832
2022-04-30,0.0075677017432145945,0.007764530846026122
2022-05-31,0.010345923015313563,0.010345923015313563
2022-06-30,0.010153156089369508,0.010153156089369508
2022-07-31,0.010348424349291951,0.010348424349291951
2022-08-31,0.011693612800063313,0.011693612800063313
2022-09-30,0.010719822473548524,0.010719822473548524
2022-10-31,0.010206758664957682,0.010206758664957682
2022-11-30,-0.006916867954847028,-0.002635961299895852
2022-12-31,0.010452855765722436,0.010650321632114688
2023-01-31,0.011233146856986398,0.011233146856986398
2023-02-28,0.009181412243290277,0.009181412243290277
2023-03-31,0.01174673194761211,0.01174673194761211
2023-04-30,0.009181412243290277,0.009181412243290277
2023-05-31,0.011233146856986398,0.011233146856986398
2023-06-30,0.010719822473548524,0.010719822473548524
2023-07-31,0.018693449794307208,0.016700042964117538
2023-08-31,-0.01352600411724482,-0.0073020743321957704
2023-09-30,0.008959295531876892,0.009155344713880334
2023-10-31,0.009975672238483169,0.009975672238483169
2023-11-30,0.0037986276106073643,0.002458314949303709
2023-12-31,0.008150696412777853,0.007950929880835317
2024-01-31,-0.006339669919702008,-0.010341312835542042
2024-02-29,0.02684110636072267,0.03154735774782068
2024-03-31,0.01652955699282012,0.018582761825886376
2024-04-30,-0.010931475210496932,-0.01588071273640991
2024-05-31,0.024242948638779457,0.02602501042448643
2024-06-30,0.05953521929343139,0.06527706516836883
2024-07-31,0.03655029913033747,0.03961079887231351
2024-08-31,0.02175889110943517,0.02321528086715439
2024-09-30,-0.005986144670348726,-0.005986144670348726
2024-10-31,0.05348431318714247,0.041944514803578026
2024-11-30,0.04347516504706498,0.03459661452266555
2024-12-31,0.012036837787438349,0.011348267789581555
2025-01-31,-0.008923303864557723,-0.004160171931914904
2025-02-28,-0.004933601410136338,-0.0012403576165861481
2025-03-31,0.01158474366960125,0.011095885214470328
2025-04-30,0.00020475912253577574,0.0027929574173219452
2025-05-31,0.02568823428168041,0.022115456967615302
2025-06-30,-0.0043222548225632,-0.0004969521922539705
2025-07-31,0.022505973466944718,0.02007165405585396
2025-08-31,0.01028235101259617,0.010621013279903148
2025-09-30,0.04153260163815566,0.034199623757830824
2025-10-31,0.03315550832236036,0.028055962513640148
2025-11-30,0.043289920322740046,0.035093791069146625
2025-12-31,0.026939357082659026,0.023245764134542407
2026-01-31,0.054220640302474477,0.043573661504953384
2026-02-28,0.05456647933823392,0.04341251180430678
2026-03-31,-0.034264219400739204,-0.022674713421118594
2026-04-30,-0.013292658311258214,-0.01984589233659218
2026-05-31,-0.017784310019854272,-0.020925715164648424
2026-06-30,-0.028338650669895313,-0.032728608292871664
2026-07-31,0.0060117498128331,0.005331585066395509
